Player_Name,Matches,Not_Outs,Runs_Scored,Balls_Faced,Centuries,Half_Centuries,Fours,Sixes,Catches_Taken,Stumpings,Balls_Bowled,Runs_Conceded,Wickets_Taken,Four_Wicket_Hauls,Five_Wicket_Hauls,Best_Bowling,Best_Bowling_Match,Batting_Average,Batting_Strike_Rate,Bowling_Average,Economy_Rate,Bowling_Strike_Rate
Abdul Samad,35,8,410,298,0,0,23,26,18,0,54,113,2,0,0,"(1, 9)",1/9,15.185185185185185,137.58389261744966,56.5,12.555555555555555,27.0
Abhinav Manohar,17,1,222,158,0,0,20,10,8,0,0,0,0,0,0,"(0, 0)",0/0,13.875,140.50632911392404,0.0,0.0,0.0
Abhishek Sharma,48,6,925,669,0,4,96,33,11,0,228,338,9,0,0,"(2, 4)",2/4,22.023809523809526,138.26606875934232,37.55555555555556,8.894736842105264,25.333333333333332
Abid Mushtaq,0,0,0,0,0,0,0,0,0,0,0,0,0,0,0,"(0, 0)",0/0,0.0,0.0,0.0,0.0,0.0
Abishek Porel,5,1,65,41,0,0,5,4,4,0,0,0,0,0,0,"(0, 0)",0/0,16.25,158.53658536585365,0.0,0.0,0.0
Adam Zampa,11,0,5,8,0,0,1,0,0,0,287,370,21,0,1,"(6, 19)",6/19,0.45454545454545453,62.5,17.61904761904762,7.7351916376306615,13.666666666666666
Aiden Markram,34,7,793,603,0,4,57,31,21,0,109,157,2,0,0,"(1, 8)",1/8,29.37037037037037,131.50912106135985,78.5,8.642201834862385,54.5
Ajay Mandal,0,0,0,0,0,0,0,0,0,0,0,0,0,0,0,"(0, 0)",0/0,0.0,0.0,0.0,0.0,0.0
Ajinkya Rahane,174,17,4439,3596,2,30,455,98,70,0,6,5,1,0,0,"(1, 5)",1/5,28.273885350318473,123.44271412680756,5.0,5.0,6.0
Akash Deep,7,0,17,10,0,0,2,1,3,0,143,264,6,0,0,"(3, 45)",3/45,2.4285714285714284,170.0,44.0,11.076923076923077,23.833333333333332
Akash Madhwal,8,0,0,0,0,0,0,0,0,0,153,219,14,1,1,"(5, 5)",5/5,0.0,0.0,15.642857142857142,8.588235294117647,10.928571428571429
Akash Singh,6,0,0,0,0,0,0,0,1,0,138,227,5,0,0,"(2, 40)",2/40,0.0,0.0,45.4,9.869565217391305,27.6
Alzarri Joseph,21,6,27,32,0,0,3,0,4,0,422,657,21,0,1,"(6, 12)",6/12,1.8,84.375,31.285714285714285,9.341232227488153,20.095238095238095
Amit Mishra,154,25,381,419,0,0,31,5,24,0,3359,4129,173,4,1,"(5, 17)",5/17,2.953488372093023,90.9307875894988,23.86705202312139,7.375409348020244,19.416184971098264
Andre Russell,113,19,2326,1325,0,11,153,200,32,0,1533,2376,98,2,1,"(5, 15)",5/15,24.74468085106383,175.54716981132074,24.244897959183675,9.299412915851272,15.642857142857142
Angkrish Raghuvanshi,0,0,0,0,0,0,0,0,0,0,0,0,0,0,0,"(0, 0)",0/0,0.0,0.0,0.0,0.0,0.0
Anmolpreet Singh,7,0,134,109,0,0,18,3,1,0,0,0,0,0,0,"(0, 0)",0/0,19.142857142857142,122.93577981651376,0.0,0.0,0.0
Anrich Nortje,40,9,45,41,0,0,6,0,9,0,922,1280,53,0,0,"(3, 33)",3/33,1.4516129032258065,109.75609756097562,24.150943396226417,8.329718004338396,17.39622641509434
Anshul Kamboj,0,0,0,0,0,0,0,0,0,0,0,0,0,0,0,"(0, 0)",0/0,0.0,0.0,0.0,0.0,0.0
Anuj Rawat,21,4,279,229,0,1,21,14,16,0,0,0,0,0,0,"(0, 0)",0/0,16.41176470588235,121.83406113537119,0.0,0.0,0.0
Anukul Roy,6,2,23,21,0,0,3,0,5,0,102,131,5,0,0,"(2, 19)",2/19,5.75,109.52380952380953,26.2,7.705882352941177,20.4
Arjun Tendulkar,4,0,13,9,0,0,0,1,0,0,59,92,3,0,0,"(1, 9)",1/9,3.25,144.44444444444443,30.666666666666668,9.35593220338983,19.666666666666668
Arshdeep Singh,53,7,25,37,0,0,3,0,11,0,1106,1615,59,1,1,"(5, 32)",5/32,0.5434782608695652,67.56756756756756,27.372881355932204,8.76130198915009,18.74576271186441
Arshin Kulkarni,0,0,0,0,0,0,0,0,0,0,0,0,0,0,0,"(0, 0)",0/0,0.0,0.0,0.0,0.0,0.0
Ashton Turner,4,1,3,10,0,0,0,0,0,0,0,0,0,0,0,"(0, 0)",0/0,1.0,30.0,0.0,0.0,0.0
Ashutosh Sharma,0,0,0,0,0,0,0,0,0,0,0,0,0,0,0,"(0, 0)",0/0,0.0,0.0,0.0,0.0,0.0
Atharva Taide,7,0,186,129,0,2,20,6,5,0,0,0,0,0,0,"(0, 0)",0/0,26.571428571428573,144.1860465116279,0.0,0.0,0.0
Avanish Rao Aravelly,0,0,0,0,0,0,0,0,0,0,0,0,0,0,0,"(0, 0)",0/0,0.0,0.0,0.0,0.0,0.0
Avesh Khan,48,6,31,20,0,0,2,3,9,0,1024,1469,55,1,0,"(4, 24)",4/24,0.7380952380952381,155.0,26.70909090909091,8.607421875,18.618181818181817
Axar Patel,137,32,1439,1097,0,1,90,70,59,0,2859,3446,112,1,0,"(4, 21)",4/21,13.704761904761904,131.17593436645396,30.767857142857142,7.231899265477439,25.526785714285715
Ayush Badoni,29,5,400,307,0,2,24,19,11,0,19,17,2,0,0,"(1, 5)",1/5,16.666666666666668,130.29315960912052,8.5,5.368421052631579,9.5
Azmatullah Omarzai,1,0,17,11,0,0,1,1,0,0,36,57,2,0,0,"(2, 27)",2/27,17.0,154.54545454545453,28.5,9.5,18.0
B. Sai Sudharsan,14,2,552,409,0,4,50,16,3,0,0,0,0,0,0,"(0, 0)",0/0,46.0,134.96332518337408,0.0,0.0,0.0
BR Sharath,0,0,0,0,0,0,0,0,0,0,0,0,0,0,0,"(0, 0)",0/0,0.0,0.0,0.0,0.0,0.0
Bhuvneshwar Kumar,161,30,283,297,0,0,27,3,32,0,3592,4447,170,2,2,"(5, 19)",5/19,2.1603053435114505,95.28619528619528,26.158823529411766,7.428173719376392,21.129411764705882
Cameron Green,18,7,473,309,1,2,41,22,6,0,258,407,8,0,0,"(2, 27)",2/27,43.0,153.07443365695792,50.875,9.465116279069768,32.25
Chetan Sakariya,19,2,20,31,0,0,3,0,6,0,426,599,20,0,0,"(3, 31)",3/31,1.1764705882352942,64.51612903225806,29.95,8.43661971830986,21.3
Chris Woakes,21,6,78,77,0,0,7,2,7,0,440,658,30,0,0,"(3, 6)",3/6,5.2,101.29870129870129,21.933333333333334,8.972727272727273,14.666666666666666
Darshan Nalkande,3,0,0,1,0,0,0,0,0,0,55,103,3,0,0,"(2, 37)",2/37,0.0,0.0,34.333333333333336,11.236363636363636,18.333333333333332
Daryl Mitchell,4,1,63,70,0,0,2,2,2,0,12,27,0,0,0,"(0, 0)",0/0,21.0,90.0,0.0,13.5,0.0
David Miller,122,40,2726,1972,1,12,188,126,71,0,0,0,0,0,0,"(0, 0)",0/0,33.24390243902439,138.23529411764704,0.0,0.0,0.0
David Warner,177,22,6426,4593,4,61,649,228,79,0,1,2,0,0,0,"(0, 0)",0/0,41.458064516129035,139.90855649902025,0.0,12.0,0.0
David Willey,11,3,53,62,0,0,7,0,4,0,216,272,6,0,0,"(2, 16)",2/16,6.625,85.48387096774194,45.333333333333336,7.555555555555555,36.0
Deepak Chahar,75,6,80,59,0,0,2,6,13,0,1552,2056,73,2,0,"(4, 13)",4/13,1.1594202898550725,135.59322033898303,28.164383561643834,7.948453608247422,21.26027397260274
Deepak Hooda,108,15,1346,1039,0,7,82,60,51,0,355,509,10,0,0,"(2, 16)",2/16,14.473118279569892,129.54764196342637,50.9,8.60281690140845,35.5
Devdutt Padikkal,58,2,1521,1216,1,9,166,42,24,0,0,0,0,0,0,"(0, 0)",0/0,27.160714285714285,125.08223684210526,0.0,0.0,0.0
Devon Conway,23,3,924,654,0,9,99,30,8,0,0,0,0,0,0,"(0, 0)",0/0,46.2,141.28440366972478,0.0,0.0,0.0
Dewald Brevis,8,0,207,151,0,0,16,14,3,0,3,8,1,0,0,"(1, 8)",1/8,25.875,137.08609271523179,8.0,16.0,3.0
Dhruv Jurel,14,5,172,100,0,0,12,10,4,0,0,0,0,0,0,"(0, 0)",0/0,19.11111111111111,172.0,0.0,0.0,0.0
Dilshan Madushanka,0,0,0,0,0,0,0,0,0,0,0,0,0,0,0,"(0, 0)",0/0,0.0,0.0,0.0,0.0,0.0
Dinesh Karthik,244,48,4582,3439,0,20,445,143,141,36,0,0,0,0,0,"(0, 0)",0/0,23.377551020408163,133.23640593195697,0.0,0.0,0.0
Donovan Ferreira,0,0,0,0,0,0,0,0,0,0,0,0,0,0,0,"(0, 0)",0/0,0.0,0.0,0.0,0.0,0.0
Dushmantha Chameera,12,4,43,28,0,0,3,3,2,0,264,384,9,0,0,"(2, 17)",2/17,5.375,153.57142857142858,42.666666666666664,8.727272727272727,29.333333333333332
Faf du Plessis,132,11,4171,3111,0,33,382,145,73,0,6,16,0,0,0,"(0, 0)",0/0,34.47107438016529,134.07264545162326,0.0,16.0,0.0
Fazalhaq Farooqi,7,2,3,13,0,0,0,0,1,0,152,227,6,0,0,"(2, 32)",2/32,0.6,23.076923076923077,37.833333333333336,8.960526315789474,25.333333333333332
Gerald Coetzee,1,0,1,3,0,0,0,0,0,0,24,27,2,0,0,"(2, 27)",2/27,1.0,33.33333333333333,13.5,6.75,12.0
Glenn Maxwell,126,17,2722,1731,0,18,226,158,45,0,872,1210,33,0,0,"(2, 15)",2/15,24.972477064220183,157.25014442518776,36.666666666666664,8.325688073394495,26.424242424242426
Glenn Phillips,8,1,65,55,0,0,3,6,3,0,30,40,2,0,0,"(1, 10)",1/10,9.285714285714286,118.18181818181819,20.0,8.0,15.0
Hardik Pandya,124,39,2320,1587,0,10,173,126,66,0,1220,1793,53,0,0,"(3, 17)",3/17,27.294117647058822,146.1877756773787,33.83018867924528,8.818032786885245,23.0188679245283
Harpreet Bhatia,7,1,96,85,0,0,8,3,3,0,0,0,0,0,0,"(0, 0)",0/0,16.0,112.94117647058823,0.0,0.0,0.0
Harpreet Brar,30,10,162,140,0,0,11,7,9,0,493,619,21,1,0,"(4, 30)",4/30,8.1,115.71428571428572,29.476190476190474,7.533468559837727,23.476190476190474
Harry Brook,0,0,0,0,0,0,0,0,0,0,0,0,0,0,0,"(0, 0)",0/0,0.0,0.0,0.0,0.0,0.0
Harshal Patel,93,14,236,184,0,0,15,14,20,0,1915,2764,114,2,1,"(5, 27)",5/27,2.9873417721518987,128.26086956521738,24.24561403508772,8.660052219321148,16.79824561403509
Harshit Rana,9,1,2,3,0,0,0,0,3,0,156,231,9,0,0,"(3, 33)",3/33,0.25,66.66666666666666,25.666666666666668,8.884615384615385,17.333333333333332
Heinrich Klaasen,20,3,577,339,1,3,37,34,6,5,0,0,0,0,0,"(0, 0)",0/0,33.94117647058823,170.20648967551622,0.0,0.0,0.0
Himanshu Sharma,1,0,0,0,0,0,0,0,0,0,18,28,0,0,0,"(0, 0)",0/0,0.0,0.0,0.0,9.333333333333334,0.0
Ishan Kishan,92,6,2324,1735,0,15,220,103,42,5,0,0,0,0,0,"(0, 0)",0/0,27.023255813953487,133.94812680115274,0.0,0.0,0.0
Ishant Sharma,71,17,56,62,0,0,4,2,9,0,2165,2925,84,0,1,"(5, 12)",5/12,1.037037037037037,90.32258064516128,34.82142857142857,8.106235565819862,25.773809523809526
Jake Fraser-McGurk,0,0,0,0,0,0,0,0,0,0,0,0,0,0,0,"(0, 0)",0/0,0.0,0.0,0.0,0.0,0.0
Jasprit Bumrah,121,21,58,67,0,0,4,1,15,0,2766,3392,148,2,1,"(5, 10)",5/10,0.58,86.56716417910447,22.91891891891892,7.357917570498915,18.68918918918919
Jayant Yadav,20,1,40,36,0,0,2,1,8,0,390,445,8,0,0,"(1, 8)",1/8,2.1052631578947367,111.11111111111111,55.625,6.846153846153846,48.75
Jaydev Unadkat,94,14,173,140,0,0,14,6,26,0,1944,2870,91,0,2,"(5, 25)",5/25,2.1625,123.57142857142858,31.53846153846154,8.858024691358025,21.36263736263736
Jhathavedh Subramanyan,0,0,0,0,0,0,0,0,0,0,0,0,0,0,0,"(0, 0)",0/0,0.0,0.0,0.0,0.0,0.0
Jhye Richardson,3,0,15,24,0,0,2,0,1,0,66,117,3,0,0,"(2, 41)",2/41,5.0,62.5,39.0,10.636363636363637,22.0
Jitesh Sharma,28,3,579,370,0,0,46,35,16,4,0,0,0,0,0,"(0, 0)",0/0,23.16,156.48648648648648,0.0,0.0,0.0
Jonny Bairstow,41,3,1308,914,1,9,137,55,21,4,0,0,0,0,0,"(0, 0)",0/0,34.421052631578945,143.10722100656454,0.0,0.0,0.0
Jos Buttler,97,10,3234,2182,5,19,321,149,53,1,0,0,0,0,0,"(0, 0)",0/0,37.172413793103445,148.21264894592116,0.0,0.0,0.0
Joshua Little,10,0,0,0,0,0,0,0,5,0,204,294,7,0,0,"(2, 25)",2/25,0.0,0.0,42.0,8.647058823529411,29.142857142857142
K.S Bharat,10,2,199,163,0,1,12,8,4,1,0,0,0,0,0,"(0, 0)",0/0,24.875,122.08588957055215,0.0,0.0,0.0
KL Rahul,119,20,4221,3141,4,34,359,170,63,5,0,0,0,0,0,"(0, 0)",0/0,42.63636363636363,134.3839541547278,0.0,0.0,0.0
Kagiso Rabada,71,11,186,179,0,0,16,6,25,0,1614,2257,109,6,0,"(4, 21)",4/21,3.1,103.91061452513965,20.706422018348626,8.390334572490707,14.807339449541285
Kane Williamson,77,17,2101,1667,0,18,182,64,39,0,18,31,0,0,0,"(0, 0)",0/0,35.016666666666666,126.03479304139171,0.0,10.333333333333334,0.0
Karn Sharma,76,15,319,276,0,0,18,14,14,0,1363,1857,70,2,0,"(4, 16)",4/16,5.229508196721311,115.57971014492753,26.52857142857143,8.17461482024945,19.47142857142857
Kartik Tyagi,19,3,13,16,0,0,1,0,3,0,398,662,15,0,0,"(2, 29)",2/29,0.8125,81.25,44.13333333333333,9.979899497487438,26.533333333333335
Khaleel Ahmed,44,0,1,7,0,0,0,0,3,0,1000,1445,59,0,0,"(3, 21)",3/21,0.022727272727272728,14.285714285714285,24.491525423728813,8.67,16.949152542372882
Krishnappa Gowtham,35,9,247,148,0,0,15,17,20,0,576,779,21,0,0,"(2, 12)",2/12,9.5,166.89189189189187,37.095238095238095,8.114583333333334,27.428571428571427
Krunal Pandya,114,31,1517,1140,0,1,136,56,44,0,1948,2370,70,0,0,"(3, 14)",3/14,18.27710843373494,133.0701754385965,33.857142857142854,7.2997946611909645,27.82857142857143
Kuldeep Sen,9,1,0,3,0,0,0,0,3,0,169,265,8,1,0,"(4, 20)",4/20,0.0,0.0,33.125,9.408284023668639,21.125
Kuldeep Yadav,74,19,137,177,0,0,10,2,18,0,1512,2036,73,3,0,"(4, 14)",4/14,2.4909090909090907,77.40112994350282,27.89041095890411,8.079365079365079,20.71232876712329
Kumar Kartikeya Singh,12,0,9,12,0,0,1,0,1,0,234,329,10,0,0,"(2, 22)",2/22,0.75,75.0,32.9,8.435897435897436,23.4
Kumar Kushagra,0,0,0,0,0,0,0,0,0,0,0,0,0,0,0,"(0, 0)",0/0,0.0,0.0,0.0,0.0,0.0
Kunal Rathore,0,0,0,0,0,0,0,0,0,0,0,0,0,0,0,"(0, 0)",0/0,0.0,0.0,0.0,0.0,0.0
Kyle Mayers,13,0,379,263,0,4,38,22,2,0,42,59,0,0,0,"(0, 0)",0/0,29.153846153846153,144.106463878327,0.0,8.428571428571429,0.0
Lalit Yadav,25,5,295,278,0,0,26,7,16,0,270,369,10,0,0,"(2, 11)",2/11,14.75,106.11510791366908,36.9,8.2,27.0
Liam Livingstone,34,5,883,534,0,6,61,63,17,0,186,309,8,0,0,"(3, 27)",3/27,30.448275862068964,165.35580524344567,38.625,9.96774193548387,23.25
Lockie Ferguson,38,7,67,45,0,0,6,2,5,0,811,1171,37,1,0,"(4, 28)",4/28,2.161290322580645,148.88888888888889,31.64864864864865,8.663378545006166,21.91891891891892
Luke Wood,1,0,0,0,0,0,0,0,0,0,12,25,0,0,0,"(0, 0)",0/0,0.0,0.0,0.0,12.5,0.0
M. Siddharth,0,0,0,0,0,0,0,0,0,0,0,0,0,0,0,"(0, 0)",0/0,0.0,0.0,0.0,0.0,0.0
MS Dhoni,252,87,5082,3739,0,24,349,239,144,42,0,0,0,0,0,"(0, 0)",0/0,30.8,135.91869483819204,0.0,0.0,0.0
Maheesh Theekshana,23,1,7,7,0,0,0,1,3,0,528,689,23,1,0,"(4, 33)",4/33,0.3181818181818182,100.0,29.956521739130434,7.829545454545454,22.956521739130434
Mahipal Lomror,31,5,419,313,0,1,26,22,7,0,84,109,1,0,0,"(1, 22)",1/22,16.115384615384617,133.86581469648561,109.0,7.785714285714286,84.0
Manav Suthar,0,0,0,0,0,0,0,0,0,0,0,0,0,0,0,"(0, 0)",0/0,0.0,0.0,0.0,0.0,0.0
Manish Pandey,170,27,3808,3148,1,22,333,108,82,0,0,0,0,0,0,"(0, 0)",0/0,26.62937062937063,120.96569250317661,0.0,0.0,0.0
Manoj Bhandage,0,0,0,0,0,0,0,0,0,0,0,0,0,0,0,"(0, 0)",0/0,0.0,0.0,0.0,0.0,0.0
Marco Jansen,19,6,49,54,0,0,4,1,9,0,408,626,19,0,0,"(3, 25)",3/25,3.769230769230769,90.74074074074075,32.94736842105263,9.205882352941176,21.473684210526315
Marcus Stoinis,83,20,1481,1055,0,7,111,75,20,0,719,1148,39,1,0,"(4, 15)",4/15,23.50793650793651,140.37914691943126,29.435897435897434,9.579972183588318,18.435897435897434
Matheesha Pathirana,14,0,0,0,0,0,0,0,5,0,319,423,21,0,0,"(3, 15)",3/15,0.0,0.0,20.142857142857142,7.956112852664577,15.19047619047619
Matthew Wade,13,0,179,171,0,0,23,2,7,1,0,0,0,0,0,"(0, 0)",0/0,13.76923076923077,104.67836257309942,0.0,0.0,0.0
Mayank Agarwal,124,4,2629,1964,1,13,259,98,56,0,0,0,0,0,0,"(0, 0)",0/0,21.908333333333335,133.85947046843177,0.0,0.0,0.0
Mayank Dagar,5,0,0,0,0,0,0,0,0,0,96,123,1,0,0,"(1, 37)",1/37,0.0,0.0,123.0,7.6875,96.0
Mayank Markande,31,8,48,42,0,0,5,1,7,0,612,849,31,2,0,"(4, 15)",4/15,2.0869565217391304,114.28571428571428,27.387096774193548,8.323529411764707,19.741935483870968
Mayank Yadav,0,0,0,0,0,0,0,0,0,0,0,0,0,0,0,"(0, 0)",0/0,0.0,0.0,0.0,0.0,0.0
Mitchell Marsh,39,2,625,495,0,3,41,37,10,0,536,744,36,2,0,"(4, 25)",4/25,16.89189189189189,126.26262626262626,20.666666666666668,8.328358208955224,14.88888888888889
Mitchell Santner,15,5,56,54,0,0,3,3,5,0,312,358,13,0,0,"(2, 13)",2/13,5.6,103.7037037037037,27.53846153846154,6.884615384615385,24.0
Mitchell Starc,28,6,102,101,0,0,11,0,16,0,604,746,34,1,0,"(4, 15)",4/15,4.636363636363637,100.99009900990099,21.941176470588236,7.410596026490066,17.764705882352942
Moeen Ali,59,6,1034,723,0,5,88,59,20,0,710,822,33,1,0,"(4, 26)",4/26,19.50943396226415,143.015214384509,24.90909090909091,6.946478873239437,21.515151515151516
Mohammad Nabi,17,2,180,119,0,0,16,9,11,0,343,408,13,1,0,"(4, 11)",4/11,12.0,151.26050420168067,31.384615384615383,7.137026239067056,26.384615384615383
Mohammad Shami,77,12,69,73,0,0,5,2,11,0,1670,2402,79,0,0,"(3, 15)",3/15,1.0615384615384615,94.52054794520548,30.40506329113924,8.62994011976048,21.139240506329113
Mohammed Siraj,81,14,97,111,0,0,10,2,26,0,1682,2391,80,2,0,"(4, 21)",4/21,1.4477611940298507,87.38738738738738,29.8875,8.529131985731272,21.025
Mohd. Arshad Khan,6,1,18,15,0,0,0,1,2,0,85,190,5,0,0,"(3, 39)",3/39,3.6,120.0,38.0,13.411764705882353,17.0
Mohit Sharma,85,12,122,113,0,0,8,4,23,0,2049,2870,121,3,1,"(5, 10)",5/10,1.6712328767123288,107.9646017699115,23.71900826446281,8.404099560761347,16.93388429752066
Mohsin Khan,15,2,23,23,0,0,2,1,1,0,282,349,18,1,0,"(4, 16)",4/16,1.7692307692307692,100.0,19.38888888888889,7.425531914893617,15.666666666666666
Mujeeb Ur Rahman,19,4,12,15,0,0,2,0,2,0,434,592,19,0,0,"(3, 27)",3/27,0.8,80.0,31.157894736842106,8.184331797235023,22.842105263157894
Mukesh Choudhary,13,1,6,6,0,0,1,0,3,0,273,424,16,1,0,"(4, 46)",4/46,0.5,100.0,26.5,9.31868131868132,17.0625
Mukesh Kumar,10,3,7,9,0,0,0,0,3,0,186,326,7,0,0,"(2, 30)",2/30,1.0,77.77777777777779,46.57142857142857,10.516129032258064,26.571428571428573
Mustafizur Rahman,50,8,13,23,0,0,0,1,6,0,1116,1473,51,1,0,"(4, 29)",4/29,0.30952380952380953,56.52173913043478,28.88235294117647,7.919354838709677,21.88235294117647
N. Tilak Varma,26,6,765,531,0,3,56,40,16,0,18,20,0,0,0,"(0, 0)",0/0,38.25,144.0677966101695,0.0,6.666666666666667,0.0
Naman Dhir,1,0,20,10,0,0,3,1,1,0,6,13,0,0,0,"(0, 0)",0/0,20.0,200.0,0.0,13.0,0.0
Nandre Burger,1,0,0,0,0,0,0,0,1,0,18,30,1,0,0,"(1, 30)",1/30,0.0,0.0,30.0,10.0,18.0
Nathan Ellis,15,1,19,25,0,0,0,1,3,0,336,492,17,1,0,"(4, 30)",4/30,1.3571428571428572,76.0,28.941176470588236,8.785714285714286,19.764705882352942
Navdeep Saini,32,3,33,37,0,0,3,0,8,0,658,974,23,0,0,"(3, 40)",3/40,1.1379310344827587,89.1891891891892,42.34782608695652,8.881458966565349,28.608695652173914
Naveen Ul Haq,9,2,16,21,0,0,2,0,2,0,192,260,13,1,0,"(4, 38)",4/38,2.2857142857142856,76.19047619047619,20.0,8.125,14.76923076923077
Nehal Wadhera,14,1,241,166,0,2,23,12,4,0,0,0,0,0,0,"(0, 0)",0/0,18.53846153846154,145.18072289156626,0.0,0.0,0.0
Nicholas Pooran,63,13,1334,851,0,7,82,95,25,4,0,0,0,0,0,"(0, 0)",0/0,26.68,156.75675675675674,0.0,0.0,0.0
Nishant Sindhu,0,0,0,0,0,0,0,0,0,0,0,0,0,0,0,"(0, 0)",0/0,0.0,0.0,0.0,0.0,0.0
Nitish Kumar Reddy,2,0,0,0,0,0,0,0,1,0,30,54,0,0,0,"(0, 0)",0/0,0.0,0.0,0.0,10.8,0.0
Nitish Rana,106,9,2603,1929,0,18,230,131,24,0,180,252,10,0,0,"(2, 11)",2/11,26.835051546391753,134.94038361845514,25.2,8.4,18.0
Noor Ahmad,13,1,8,9,0,0,1,0,2,0,283,369,16,0,0,"(3, 37)",3/37,0.6666666666666666,88.88888888888889,23.0625,7.8233215547703185,17.6875
Nuwan Thushara,0,0,0,0,0,0,0,0,0,0,0,0,0,0,0,"(0, 0)",0/0,0.0,0.0,0.0,0.0,0.0
Pat Cummins,43,12,379,250,0,3,24,26,9,0,977,1389,46,1,0,"(4, 34)",4/34,12.225806451612904,151.6,30.195652173913043,8.53019447287615,21.23913043478261
Phil Salt,10,1,272,173,0,3,27,13,5,0,0,0,0,0,0,"(0, 0)",0/0,30.22222222222222,157.22543352601156,0.0,0.0,0.0
Piyush Chawla,175,34,609,549,0,0,55,19,41,0,3658,4827,180,2,0,"(4, 17)",4/17,4.319148936170213,110.92896174863387,26.816666666666666,7.917441224712959,20.322222222222223
Prabhsimran Singh,22,0,473,338,1,1,51,23,3,0,0,0,0,0,0,"(0, 0)",0/0,21.5,139.94082840236686,0.0,0.0,0.0
Prashant Solanki,2,0,0,0,0,0,0,0,0,0,36,38,2,0,0,"(2, 20)",2/20,0.0,0.0,19.0,6.333333333333333,18.0
Prasidh Krishna,51,7,9,24,0,0,0,0,9,0,1145,1703,49,1,0,"(4, 30)",4/30,0.20454545454545456,37.5,34.755102040816325,8.924017467248907,23.367346938775512
Pravin Dubey,4,1,23,33,0,0,2,0,1,0,66,91,1,0,0,"(1, 19)",1/19,7.666666666666667,69.6969696969697,91.0,8.272727272727273,66.0
Prerak Mankad,6,3,97,73,0,1,13,2,6,0,0,0,0,0,0,"(0, 0)",0/0,32.333333333333336,132.87671232876713,0.0,0.0,0.0
Prince Choudhary,0,0,0,0,0,0,0,0,0,0,0,0,0,0,0,"(0, 0)",0/0,0.0,0.0,0.0,0.0,0.0
Prithvi Shaw,71,0,1694,1162,0,13,208,56,16,0,0,0,0,0,0,"(0, 0)",0/0,23.859154929577464,145.78313253012047,0.0,0.0,0.0
Quinton de Kock,97,6,2911,2171,2,20,288,114,64,15,0,0,0,0,0,"(0, 0)",0/0,31.98901098901099,134.08567480423767,0.0,0.0,0.0
Rachin Ravindra,2,0,83,35,0,0,9,6,2,0,0,0,0,0,0,"(0, 0)",0/0,41.5,237.14285714285714,0.0,0.0,0.0
Rahmanullah Gurbaz,11,0,227,170,0,2,17,15,10,0,0,0,0,0,0,"(0, 0)",0/0,20.636363636363637,133.52941176470588,0.0,0.0,0.0
Rahul Chahar,71,7,108,109,0,0,10,4,21,0,1508,1911,66,1,0,"(4, 27)",4/27,1.6875,99.08256880733946,28.954545454545453,7.6034482758620685,22.848484848484848
Rahul Tewatia,82,23,847,638,0,1,62,43,33,0,843,1111,32,0,0,"(3, 18)",3/18,14.35593220338983,132.75862068965517,34.71875,7.907473309608541,26.34375
Rahul Tripathi,90,11,2091,1510,0,11,205,79,32,0,6,12,0,0,0,"(0, 0)",0/0,26.468354430379748,138.47682119205297,0.0,12.0,0.0
Rajan Kumar,0,0,0,0,0,0,0,0,0,0,0,0,0,0,0,"(0, 0)",0/0,0.0,0.0,0.0,0.0,0.0
Rajat Patidar,14,1,422,301,1,2,31,22,7,0,0,0,0,0,0,"(0, 0)",0/0,32.46153846153846,140.19933554817277,0.0,0.0,0.0
Rajvardhan Hangargekar,2,0,0,0,0,0,0,0,0,0,36,60,3,0,0,"(3, 36)",3/36,0.0,0.0,20.0,10.0,12.0
Ramandeep Singh,6,2,80,57,0,0,4,5,1,0,36,54,6,0,0,"(3, 20)",3/20,20.0,140.35087719298244,9.0,9.0,6.0
Rashid Khan,110,21,447,269,0,1,28,35,38,0,2639,2942,140,2,0,"(4, 24)",4/24,5.022471910112359,166.1710037174721,21.014285714285716,6.688897309586965,18.85
Rasikh Dar,3,1,12,10,0,0,1,0,1,0,48,70,0,0,0,"(0, 0)",0/0,6.0,120.0,0.0,8.75,0.0
Ravi Bishnoi,53,7,28,44,0,0,2,0,16,0,1167,1483,54,0,0,"(3, 24)",3/24,0.6086956521739131,63.63636363636363,27.462962962962962,7.624678663239075,21.61111111111111
Ravichandran Ashwin,198,31,714,601,0,1,56,24,43,0,4218,4938,172,1,0,"(4, 34)",4/34,4.275449101796407,118.80199667221298,28.709302325581394,7.024182076813656,24.523255813953487
Ravindra Jadeja,228,72,2717,2111,0,2,193,100,97,0,3571,4516,152,3,1,"(5, 16)",5/16,17.416666666666668,128.706774040739,29.710526315789473,7.587790534864184,23.49342105263158
Reece Topley,1,0,0,0,0,0,0,0,0,0,12,14,1,0,0,"(1, 14)",1/14,0.0,0.0,14.0,7.0,12.0
Ricky Bhui,3,0,10,24,0,0,0,0,0,0,0,0,0,0,0,"(0, 0)",0/0,3.3333333333333335,41.66666666666667,0.0,0.0,0.0
Rilee Rossouw,14,2,262,192,0,1,20,14,5,0,0,0,0,0,0,"(0, 0)",0/0,21.833333333333332,136.45833333333331,0.0,0.0,0.0
Rinku Singh,32,9,748,525,0,4,57,38,25,0,0,0,0,0,0,"(0, 0)",0/0,32.52173913043478,142.47619047619048,0.0,0.0,0.0
Rishabh Pant,99,15,2856,1931,1,15,262,129,65,19,0,0,0,0,0,"(0, 0)",0/0,34.0,147.9026411185914,0.0,0.0,0.0
Rishi Dhawan,38,13,210,187,0,0,18,7,11,0,644,856,25,0,0,"(2, 14)",2/14,8.4,112.29946524064172,34.24,7.975155279503106,25.76
Riyan Parag,55,7,643,513,0,2,45,30,30,0,157,280,4,0,0,"(1, 7)",1/7,13.395833333333334,125.34113060428851,70.0,10.700636942675159,39.25
Robin Minz,0,0,0,0,0,0,0,0,0,0,0,0,0,0,0,"(0, 0)",0/0,0.0,0.0,0.0,0.0,0.0
Rohit Sharma,244,28,6254,4805,1,42,561,258,99,0,363,453,15,1,0,"(4, 6)",4/6,28.953703703703702,130.15608740894902,30.2,7.487603305785124,24.2
Romario Shepherd,4,1,58,42,0,0,2,5,0,0,54,98,3,0,0,"(2, 42)",2/42,19.333333333333332,138.0952380952381,32.666666666666664,10.88888888888889,18.0
Rovman Powell,17,2,257,176,0,1,11,22,10,0,18,35,1,0,0,"(1, 18)",1/18,17.133333333333333,146.02272727272728,35.0,11.666666666666666,18.0
Ruturaj Gaikwad,54,5,1858,1377,1,14,167,74,31,0,0,0,0,0,0,"(0, 0)",0/0,37.91836734693877,134.93100944081334,0.0,0.0,0.0
Sai Kishore,6,0,0,0,0,0,0,0,3,0,138,173,8,0,0,"(2, 7)",2/7,0.0,0.0,21.625,7.521739130434782,17.25
Sakib Hussain,0,0,0,0,0,0,0,0,0,0,0,0,0,0,0,"(0, 0)",0/0,0.0,0.0,0.0,0.0,0.0
Sam Curran,48,11,699,492,0,4,59,32,16,0,959,1524,43,1,0,"(4, 11)",4/11,18.89189189189189,142.0731707317073,35.44186046511628,9.534932221063608,22.302325581395348
Sameer Rizvi,2,0,0,0,0,0,0,0,0,0,0,0,0,0,0,"(0, 0)",0/0,0.0,0.0,0.0,0.0,0.0
Sandeep Sharma,117,21,54,69,0,0,4,0,18,0,2612,3420,125,2,0,"(4, 20)",4/20,0.5625,78.26086956521739,27.36,7.856049004594181,20.896
Sanju Samson,153,16,3970,2886,3,21,307,188,76,15,0,0,0,0,0,"(0, 0)",0/0,28.978102189781023,137.56063756063756,0.0,0.0,0.0
Sanvir Singh,2,1,11,9,0,0,1,1,0,0,0,0,0,0,0,"(0, 0)",0/0,11.0,122.22222222222223,0.0,0.0,0.0
Saurav Chuahan,0,0,0,0,0,0,0,0,0,0,0,0,0,0,0,"(0, 0)",0/0,0.0,0.0,0.0,0.0,0.0
Shahbaz Ahamad,40,6,337,279,0,0,22,14,18,0,378,581,14,0,0,"(3, 7)",3/7,9.911764705882353,120.78853046594982,41.5,9.222222222222221,27.0
Shahrukh Khan,33,10,426,316,0,0,26,28,14,0,0,0,0,0,0,"(0, 0)",0/0,18.52173913043478,134.81012658227849,0.0,0.0,0.0
Shai Hope,1,0,33,25,0,0,2,2,0,0,0,0,0,0,0,"(0, 0)",0/0,33.0,132.0,0.0,0.0,0.0
Shaik Rasheed,0,0,0,0,0,0,0,0,0,0,0,0,0,0,0,"(0, 0)",0/0,0.0,0.0,0.0,0.0,0.0
Shamar Joseph,0,0,0,0,0,0,0,0,0,0,0,0,0,0,0,"(0, 0)",0/0,0.0,0.0,0.0,0.0,0.0
Shams Mulani,1,1,1,1,0,0,0,0,0,0,18,24,0,0,0,"(0, 0)",0/0,0.0,100.0,0.0,8.0,0.0
Shardul Thakur,86,10,286,204,0,1,25,12,28,0,1676,2560,89,1,0,"(4, 36)",4/36,3.763157894736842,140.19607843137254,28.764044943820224,9.164677804295943,18.831460674157302
Shashank Singh,12,2,90,56,0,0,6,6,4,0,12,20,0,0,0,"(0, 0)",0/0,9.0,160.71428571428572,0.0,10.0,0.0
Sherfane Rutherford,10,2,106,104,0,0,3,8,5,0,41,59,1,0,0,"(1, 6)",1/6,13.25,101.92307692307692,59.0,8.634146341463415,41.0
Shikhar Dhawan,219,29,6684,5256,2,50,759,149,99,0,48,93,4,0,0,"(1, 7)",1/7,35.17894736842105,127.16894977168948,23.25,11.625,12.0
Shimron Hetmyer,61,22,1136,750,0,4,67,75,28,0,0,0,0,0,0,"(0, 0)",0/0,29.128205128205128,151.46666666666667,0.0,0.0,0.0
Shivalik Sharma,0,0,0,0,0,0,0,0,0,0,0,0,0,0,0,"(0, 0)",0/0,0.0,0.0,0.0,0.0,0.0
Shivam Dube,53,10,1176,822,0,6,63,78,17,0,106,166,4,0,0,"(2, 15)",2/15,27.348837209302324,143.06569343065695,41.5,9.39622641509434,26.5
Shivam Mavi,32,3,51,56,0,0,4,2,16,0,649,942,30,1,0,"(4, 21)",4/21,1.7586206896551724,91.07142857142857,31.4,8.708782742681047,21.633333333333333
Shivam singh,0,0,0,0,0,0,0,0,0,0,0,0,0,0,0,"(0, 0)",0/0,0.0,0.0,0.0,0.0,0.0
Shreyas Gopal,49,8,180,169,0,0,19,2,11,0,949,1282,49,1,0,"(4, 16)",4/16,4.390243902439025,106.50887573964498,26.163265306122447,8.105374077976817,19.367346938775512
Shreyas Iyer,102,13,2776,2216,0,19,237,99,40,0,6,7,0,0,0,"(0, 0)",0/0,31.191011235955056,125.27075812274369,0.0,7.0,0.0
Shubham Dubey,0,0,0,0,0,0,0,0,0,0,0,0,0,0,0,"(0, 0)",0/0,0.0,0.0,0.0,0.0,0.0
Shubman Gill,92,14,2821,2103,3,18,276,81,36,0,0,0,0,0,0,"(0, 0)",0/0,36.166666666666664,134.14170233000476,0.0,0.0,0.0
Sikandar Raza,7,2,139,98,0,1,10,6,5,0,72,119,3,0,0,"(1, 19)",1/19,27.8,141.83673469387753,39.666666666666664,9.916666666666666,24.0
Simarjeet Singh,6,2,7,8,0,0,0,0,1,0,108,138,4,0,0,"(2, 27)",2/27,1.75,87.5,34.5,7.666666666666667,27.0
Spencer Johnson,1,0,0,0,0,0,0,0,1,0,30,52,3,0,0,"(2, 25)",2/25,0.0,0.0,17.333333333333332,10.4,10.0
Sumit Kumar,1,0,2,9,0,0,0,0,0,0,8,19,0,0,0,"(0, 0)",0/0,2.0,22.22222222222222,0.0,14.25,0.0
Sunil Narine,163,20,1048,659,0,4,114,64,25,0,3770,4222,164,7,1,"(5, 19)",5/19,7.328671328671328,159.0288315629742,25.74390243902439,6.719363395225463,22.98780487804878
Suryakumar Yadav,139,22,3249,2267,1,21,349,112,64,0,6,8,0,0,0,"(0, 0)",0/0,27.76923076923077,143.31715924128804,0.0,8.0,0.0
Sushant Mishra,0,0,0,0,0,0,0,0,0,0,0,0,0,0,0,"(0, 0)",0/0,0.0,0.0,0.0,0.0,0.0
Suyash S Prabhudessai,10,0,102,88,0,0,8,4,10,0,0,0,0,0,0,"(0, 0)",0/0,10.2,115.90909090909092,0.0,0.0,0.0
Suyash Sharma,12,0,0,0,0,0,0,0,1,0,246,339,10,0,0,"(3, 30)",3/30,0.0,0.0,33.9,8.268292682926829,24.6
Swapnil Singh,2,1,2,4,0,0,0,0,0,0,12,18,0,0,0,"(0, 0)",0/0,2.0,50.0,0.0,9.0,0.0
Swastik Chhikara,0,0,0,0,0,0,0,0,0,0,0,0,0,0,0,"(0, 0)",0/0,0.0,0.0,0.0,0.0,0.0
T Natarajan,48,3,3,5,0,0,0,0,7,0,1053,1536,51,0,0,"(3, 10)",3/10,0.06666666666666667,60.0,30.11764705882353,8.752136752136753,20.647058823529413
Tanay Thyagarajann,0,0,0,0,0,0,0,0,0,0,0,0,0,0,0,"(0, 0)",0/0,0.0,0.0,0.0,0.0,0.0
Tanush Kotian,0,0,0,0,0,0,0,0,0,0,0,0,0,0,0,"(0, 0)",0/0,0.0,0.0,0.0,0.0,0.0
Tim David,26,9,429,245,0,0,25,31,16,0,0,0,0,0,0,"(0, 0)",0/0,25.235294117647058,175.1020408163265,0.0,0.0,0.0
Tom Curran,13,5,127,107,0,1,10,3,2,0,238,430,13,0,0,"(3, 29)",3/29,15.875,118.69158878504673,33.07692307692308,10.840336134453782,18.307692307692307
Tom Kohler-Cadmore,0,0,0,0,0,0,0,0,0,0,0,0,0,0,0,"(0, 0)",0/0,0.0,0.0,0.0,0.0,0.0
Travis Head,10,3,205,148,0,1,12,8,2,0,48,81,2,0,0,"(2, 30)",2/30,29.285714285714285,138.51351351351352,40.5,10.125,24.0
Trent Boult,89,16,69,62,0,0,3,3,30,0,2041,2822,107,1,0,"(4, 18)",4/18,0.9452054794520548,111.29032258064515,26.373831775700936,8.29593336599706,19.074766355140188
Tristan Stubbs,5,0,32,43,0,0,2,0,0,0,12,14,1,0,0,"(1, 14)",1/14,6.4,74.4186046511628,14.0,7.0,12.0
Tushar Deshpande,25,2,21,13,0,0,2,1,4,0,509,866,25,0,0,"(3, 45)",3/45,0.9130434782608695,161.53846153846155,34.64,10.208251473477407,20.36
Umesh Yadav,142,30,196,186,0,0,16,8,38,0,2954,4144,138,3,0,"(4, 23)",4/23,1.75,105.3763440860215,30.028985507246375,8.417061611374407,21.405797101449274
Umran Malik,25,4,23,16,0,0,1,2,6,0,487,757,29,1,1,"(5, 25)",5/25,1.0952380952380953,143.75,26.103448275862068,9.326488706365502,16.79310344827586
Upendra Singh Yadav,0,0,0,0,0,0,0,0,0,0,0,0,0,0,0,"(0, 0)",0/0,0.0,0.0,0.0,0.0,0.0
Vaibhav Arora,10,4,8,15,0,0,0,0,4,0,203,310,8,0,0,"(2, 21)",2/21,1.3333333333333333,53.333333333333336,38.75,9.16256157635468,25.375
Varun Chakaravarthy,57,8,25,46,0,0,2,0,11,0,1312,1655,63,1,1,"(5, 20)",5/20,0.5102040816326531,54.347826086956516,26.26984126984127,7.56859756097561,20.825396825396826
Venkatesh Iyer,37,2,963,739,1,7,87,42,15,0,75,115,3,0,0,"(2, 29)",2/29,27.514285714285716,130.31123139377536,38.333333333333336,9.2,25.0
Vicky Ostwal,0,0,0,0,0,0,0,0,0,0,0,0,0,0,0,"(0, 0)",0/0,0.0,0.0,0.0,0.0,0.0
Vidwath Kaverappa,0,0,0,0,0,0,0,0,0,0,0,0,0,0,0,"(0, 0)",0/0,0.0,0.0,0.0,0.0,0.0
Vijay Shankar,66,15,1038,792,0,6,73,43,26,0,238,344,9,0,0,"(2, 19)",2/19,20.352941176470587,131.06060606060606,38.22222222222222,8.672268907563026,26.444444444444443
Virat Kohli,239,34,7361,5655,7,51,654,237,109,0,251,368,4,0,0,"(2, 25)",2/25,35.90731707317073,130.1679929266136,92.0,8.796812749003983,62.75
Vishnu Vinod,6,0,56,57,0,0,3,3,1,2,0,0,0,0,0,"(0, 0)",0/0,9.333333333333334,98.24561403508771,0.0,0.0,0.0
Vishwanath Pratap Singh,0,0,0,0,0,0,0,0,0,0,0,0,0,0,0,"(0, 0)",0/0,0.0,0.0,0.0,0.0,0.0
Vyshak Vijay Kumar,7,1,13,9,0,0,0,1,1,0,144,253,9,0,0,"(3, 20)",3/20,2.1666666666666665,144.44444444444443,28.11111111111111,10.541666666666666,16.0
Wanindu Hasaranga,26,4,72,73,0,0,7,1,3,0,552,748,35,1,1,"(5, 18)",5/18,3.272727272727273,98.63013698630137,21.37142857142857,8.130434782608695,15.771428571428572
Washington Sundar,58,12,378,324,0,0,32,9,12,0,1024,1252,36,0,0,"(3, 16)",3/16,8.217391304347826,116.66666666666667,34.77777777777778,7.3359375,28.444444444444443
Will Jacks,0,0,0,0,0,0,0,0,0,0,0,0,0,0,0,"(0, 0)",0/0,0.0,0.0,0.0,0.0,0.0
Wriddhiman Saha,162,24,2817,2200,1,13,282,84,90,26,0,0,0,0,0,"(0, 0)",0/0,20.41304347826087,128.04545454545456,0.0,0.0,0.0
Yash Dayal,16,0,0,1,0,0,0,0,2,0,318,512,15,0,0,"(3, 40)",3/40,0.0,0.0,34.13333333333333,9.660377358490566,21.2
Yash Dhull,4,0,16,23,0,0,1,0,2,0,0,0,0,0,0,"(0, 0)",0/0,4.0,69.56521739130434,0.0,0.0,0.0
Yash Thakur,10,0,0,0,0,0,0,0,1,0,209,332,13,1,0,"(4, 37)",4/37,0.0,0.0,25.53846153846154,9.531100478468899,16.076923076923077
Yashasvi Jaiswal,38,1,1196,800,1,8,147,49,14,0,1,6,0,0,0,"(0, 0)",0/0,32.32432432432432,149.5,0.0,36.0,0.0
Yudhvir Singh,3,0,1,2,0,0,0,0,0,0,48,70,3,0,0,"(2, 19)",2/19,0.3333333333333333,50.0,23.333333333333332,8.75,16.0
Yuzvendra Chahal,146,13,37,86,0,0,0,0,25,0,3191,4081,188,6,1,"(5, 40)",5/40,0.2781954887218045,43.02325581395349,21.70744680851064,7.6734565966781565,16.97340425531915
